id,created_at,title,description,isImageRequired
4419205b-45bf-44e9-8b94-18fbeef142e0,2026-05-17T18:37:46.959741+00:00,test1,idk,true
c2a1e576-96a8-451b-b864-ba873e82cfb5,2026-05-17T18:37:57.138561+00:00,test2,isk,false
cecc5430-eb19-4d36-8534-ba78e5214d93,2026-05-17T18:38:05.014058+00:00,q,q,true
d975e90a-b7e3-4268-97ff-b9dcbe638c47,2026-05-17T18:38:13.685827+00:00,w,w,true
23539bef-a619-4dff-96f6-a5a17e4f0474,2026-05-17T18:38:16.802595+00:00,e,e,false
84b6cf8e-8712-4774-8fb3-3ba0aa8c97a1,2026-05-17T18:38:19.397478+00:00,r,,false
66f661aa-e9cf-48e4-9391-b25ba2623e11,2026-05-17T18:38:22.121395+00:00,t,,false
ed63a963-d266-4879-adae-6f40a7b965dc,2026-05-17T18:38:24.380832+00:00,y,,false
edc8ed93-caf9-4009-9a95-d3722f62732a,2026-05-17T18:38:27.872538+00:00,y,,false
acdf66a0-ea50-487d-9bf1-e8f679be154d,2026-05-17T18:38:29.975369+00:00,u,,false
4f5e3cfa-e336-49ca-9298-ddc5a0831a69,2026-05-17T18:38:31.637642+00:00,i,,false
f0d51df5-2224-495d-ba68-aa047e1e15b5,2026-05-17T18:38:33.686545+00:00,o,,false
f5f73211-f819-4c0f-b2f9-618cda4ae0c9,2026-05-17T18:38:35.798794+00:00,p,,false
72e05b84-f543-4b2c-8a81-0bcc73784a4d,2026-05-17T18:38:37.394582+00:00,a,,false
b262dd36-7122-4049-a81b-d8dcee055550,2026-05-17T18:38:39.362656+00:00,s,,false
ff36d76e-80d8-4b38-8d20-adfb18ba01dd,2026-05-17T18:38:41.510732+00:00,d,,false
6e0c4bea-7671-4649-9ccd-c1fd90b960b7,2026-05-17T18:38:42.917512+00:00,f,,false
4cfc5ff8-7d04-45ca-8d42-f9c845f2a977,2026-05-17T18:38:44.420465+00:00,g,,false
644abc0e-2cd1-4d19-a09a-cbf04c987a91,2026-05-17T18:38:45.743477+00:00,h,,false
d3298715-7096-4c6f-b168-a1d7d713569e,2026-05-17T18:38:47.198971+00:00,j,,false
030e3495-57a9-43e2-a00b-74859747953e,2026-05-17T18:38:48.626407+00:00,k,,false
f8b6f8df-85cc-4154-b9b2-a01c1a443f13,2026-05-17T18:38:50.150519+00:00,k,,false
1d1cd0d5-7dc9-42f8-9364-f55838aa6973,2026-05-17T18:38:52.232663+00:00,l,,false
c558f6a1-a5fd-47b4-abc3-69e3f561a03c,2026-05-17T18:38:54.932340+00:00,z,,false
8974ede3-9ef6-428f-8efc-57001e93b91a,2026-05-17T18:38:55.919602+00:00,x,,false
04e8e391-1f24-4aaf-884b-bfc6e80f2f56,2026-05-17T18:38:57.110495+00:00,c,,false
1a0ce504-8ce0-442e-8e39-fc823325c855,2026-05-17T18:38:58.526694+00:00,v,,false
6ff0dffe-6a64-4c90-952f-6f9afb51529c,2026-05-17T18:38:59.873269+00:00,b,,false
94b6c34b-7d58-467e-97b3-970ecfd06128,2026-05-17T18:39:01.064716+00:00,b,,false
f525bd9d-3679-49cf-aec4-22de749d3c72,2026-05-17T18:39:02.696445+00:00,n,,false
b5ad5301-a646-4a2f-839e-f23d3a7ff0c3,2026-05-17T18:39:05.108672+00:00,m,,false
